lwr,upr,estimate
6535.119928,6539.076036,6537.097982
